"id_var","lettername1","lettername2","dob","gender","postcode","medicare10","vax_date_1","vax_type_1","vax_date_2","vax_type_2","vax_date_3","vax_type_3","vax_date_4","vax_type_4"
"AIR_00001","Ethan","Thompson",1929-03-01,"Male","4552","772872472572472672672172",2024-06-07,"Influenza (quadrivalent)",2024-09-02,"RSV (mRESVIA)",NA,NA,NA,NA
"AIR_00002","Ruby","Garcia",1946-06-08,"Female","4551","242242842342542642542542",2022-12-26,"Influenza (quadrivalent)",NA,NA,NA,NA,NA,NA
"AIR_00003","Ethan","Thompson",1986-12-12,"Male","4560","274774474474274174774474",2024-05-29,"Pertussis (dTpa)",2024-11-10,"COVID-19 mRNA (Pfizer)",2025-01-17,"COVID-19 Novavax",NA,NA
"AIR_00004","Scarlett","Walker",1951-05-07,"Female","4552","795995195295695795795695",2024-03-09,"COVID-19 mRNA (Moderna)",2024-08-26,"Influenza (quadrivalent)",NA,NA,NA,NA
"AIR_00005","Liam","Gonzalez",1932-08-05,"Male","4552","603203003103003203003703",2023-03-20,"Influenza (trivalent)",2023-07-27,"RSV (mRESVIA)",NA,NA,NA,NA
"AIR_00006","Charlotte","Taylor",1949-05-19,"Female","4558","446046446346246746346946",2021-04-22,"RSV (Abrysvo)",2021-07-08,"RSV (mRESVIA)",2021-10-08,"Pertussis (dTpa)",NA,NA
"AIR_00007","Isla","Johnson",1940-08-04,"Female","4562","785485485385085385185285",2023-03-29,"RSV (mRESVIA)",2023-06-18,"Influenza (trivalent)",2023-10-27,"RSV (Abrysvo)",2024-01-20,"Influenza (quadrivalent)"
"AIR_00008","Grace","Lee",1978-09-21,"Female","4560","796196496696096296596496",2022-03-29,"Influenza (trivalent)",2022-09-10,"RSV (Abrysvo)",2023-02-03,"Pertussis (dTpa)",NA,NA
"AIR_00009","Lucas","Gonzalez",1942-01-18,"Male","4550","131431831431031931231331",2023-12-19,"Pertussis (dTpa)",2024-04-23,"Influenza (trivalent)",NA,NA,NA,NA
"AIR_00010","Henry","Garcia",1960-08-31,"Male","4561","184884584984284084784484",2024-08-30,"COVID-19 mRNA (Moderna)",2025-02-10,"Influenza (trivalent)",NA,NA,NA,NA
"AIR_00011","Lucy","Martin",1906-01-02,"Female","4558","714314214214414614514414",2024-12-13,"COVID-19 Novavax",NA,NA,NA,NA,NA,NA
"AIR_00012","James","Harris",1983-07-26,"Male","4557","266466566766566266566266",2022-01-21,"RSV (mRESVIA)",2022-06-05,"Influenza (quadrivalent)",2022-11-16,"RSV (Abrysvo)",2023-02-27,"Influenza (trivalent)"
"AIR_00013","William","Martin",1952-08-17,"Male","4555","441841341741741341241841",2022-06-27,"RSV (mRESVIA)",2022-09-17,"COVID-19 mRNA (Moderna)",NA,NA,NA,NA
"AIR_00014","Ryan","Johnson",1956-09-21,"Male","4561","907307807707507507907007",2023-05-10,"COVID-19 Novavax",2023-08-03,"RSV (mRESVIA)",NA,NA,NA,NA
"AIR_00015","Lucy","Lee",1926-05-11,"Female","4554","646546546046646146546646",2021-09-09,"COVID-19 mRNA (Moderna)",2021-12-12,"Pertussis (dTpa)",2022-02-26,"RSV (Abrysvo)",NA,NA
"AIR_00016","Benjamin","Jackson",1916-10-27,"Male","4560","365365065365465265665565",2022-02-06,"COVID-19 mRNA (Moderna)",NA,NA,NA,NA,NA,NA
"AIR_00017","Matthew","Anderson",1961-08-02,"Male","4550","768668168568868368168568",2023-05-01,"RSV (mRESVIA)",2023-08-03,"COVID-19 Novavax",NA,NA,NA,NA
"AIR_00018","Noah","King",1965-08-19,"Male","4552","987487587387487587787387",2022-02-09,"Influenza (trivalent)",2022-06-01,"COVID-19 Novavax",2022-08-21,"RSV (Abrysvo)",2022-12-14,"Pertussis (dTpa)"
"AIR_00019","Lucas","Jones",1905-02-09,"Male","4562","697997897197597897297297",2022-07-02,"COVID-19 Novavax",2022-09-06,"RSV (mRESVIA)",NA,NA,NA,NA
"AIR_00020","Evelyn","Garcia",1975-07-23,"Female","4550","921321121921821321921421",2024-01-14,"Influenza (quadrivalent)",2024-04-15,"RSV (mRESVIA)",2024-09-10,"COVID-19 mRNA (Pfizer)",2025-01-27,"COVID-19 Novavax"
"AIR_00021","Chloe","Garcia",1967-12-01,"Female","4555","365765965865665665165465",2023-10-13,"Influenza (quadrivalent)",2024-03-20,"COVID-19 mRNA (Moderna)",2024-06-19,"COVID-19 mRNA (Pfizer)",NA,NA
"AIR_00022","Lucy","Harris",1960-06-27,"Female","4560","973073173973773773473673",2022-03-01,"COVID-19 mRNA (Pfizer)",2022-05-01,"COVID-19 Novavax",2022-10-12,"Influenza (trivalent)",NA,NA
"AIR_00023","Henry","Wilson",1911-12-01,"Male","4557","982482482282282782382382",2023-06-19,"RSV (Abrysvo)",2023-09-15,"COVID-19 mRNA (Pfizer)",2023-12-28,"Influenza (trivalent)",2024-03-26,"Pertussis (dTpa)"
"AIR_00024","Grace","Robinson",1974-08-06,"Female","4560","607207407507107907707207",2022-08-12,"COVID-19 Novavax",2023-01-31,"RSV (Abrysvo)",NA,NA,NA,NA
"AIR_00025","Sophie","Clark",1917-05-11,"Female","4553","945245045445945645945745",2023-09-10,"COVID-19 mRNA (Pfizer)",2023-11-21,"Influenza (trivalent)",2024-05-09,"RSV (Abrysvo)",NA,NA
"AIR_00026","Matthew","Adams",1963-08-22,"Male","4561","544444544844044644844444",2025-02-08,"COVID-19 Novavax",2025-06-28,"COVID-19 mRNA (Pfizer)",2025-10-05,"Influenza (quadrivalent)",2026-02-11,"Pertussis (dTpa)"
"AIR_00027","Ruby","Anderson",1951-02-28,"Female","4558","483683283083383283283183",2024-12-20,"COVID-19 Novavax",2025-03-01,"Pertussis (dTpa)",NA,NA,NA,NA
"AIR_00028","Ethan","Adams",1958-06-16,"Male","4558","908708008908208208108608",2024-07-02,"RSV (mRESVIA)",2024-09-25,"Pertussis (dTpa)",NA,NA,NA,NA
"AIR_00029","Lily","Lopez",1929-10-31,"Female","4560","481881981281081181481281",2022-01-31,"Influenza (quadrivalent)",2022-07-26,"COVID-19 mRNA (Pfizer)",2022-12-28,"RSV (mRESVIA)",2023-03-30,"RSV (Abrysvo)"
"AIR_00030","Sophie","Robinson",1963-08-30,"Female","4557","208308108608808808008408",2021-01-23,"Influenza (quadrivalent)",2021-07-04,"COVID-19 mRNA (Moderna)",2021-12-31,"Influenza (trivalent)",2022-04-07,"RSV (mRESVIA)"
"AIR_00031","Hannah","Robinson",1907-01-31,"Female","4554","317217717117417117017317",2024-07-02,"Influenza (quadrivalent)",2024-12-09,"COVID-19 mRNA (Moderna)",NA,NA,NA,NA
"AIR_00032","Emily","Lewis",1960-01-13,"Female","4554","637537837437337537137537",2022-08-02,"RSV (mRESVIA)",NA,NA,NA,NA,NA,NA
"AIR_00033","Matthew","Jones",1973-03-22,"Male","4560","443443243343043443543043",2023-09-13,"Influenza (quadrivalent)",2024-02-20,"RSV (mRESVIA)",NA,NA,NA,NA
"AIR_00034","Charlotte","Harris",1973-02-28,"Female","4551","388588988388988388188588",2021-01-05,"Influenza (trivalent)",2021-06-09,"COVID-19 mRNA (Pfizer)",2021-09-03,"Pertussis (dTpa)",2022-01-30,"COVID-19 Novavax"
"AIR_00035","Ryan","Smith",1938-09-09,"Male","4555","347247347147247447547447",2022-02-13,"COVID-19 mRNA (Pfizer)",2022-05-29,"Influenza (trivalent)",2022-10-13,"RSV (Abrysvo)",2023-03-15,"COVID-19 Novavax"
"AIR_00036","Amelia","Walker",1936-04-21,"Female","4550","324324924224324624824824",2022-10-02,"Influenza (quadrivalent)",2023-03-31,"COVID-19 mRNA (Moderna)",2023-07-11,"Pertussis (dTpa)",2023-11-09,"RSV (Abrysvo)"
"AIR_00037","Oliver","Wilson",1968-02-16,"Male","4559","586386486886686186486386",2024-09-08,"Pertussis (dTpa)",2024-11-27,"Influenza (quadrivalent)",2025-02-01,"RSV (mRESVIA)",NA,NA
"AIR_00038","Jacob","Lewis",1982-01-01,"Male","4554","733133233833733733333233",2024-04-19,"RSV (Abrysvo)",2024-09-07,"RSV (mRESVIA)",2025-02-04,"COVID-19 mRNA (Pfizer)",2025-04-09,"Pertussis (dTpa)"
"AIR_00039","Amelia","Hernandez",1973-12-24,"Female","4559","154154354354654254054954",2024-12-11,"Pertussis (dTpa)",2025-05-20,"COVID-19 Novavax",2025-11-16,"COVID-19 mRNA (Moderna)",2026-01-21,"Influenza (trivalent)"
"AIR_00040","Sophie","Hall",1961-02-28,"Female","4562","626426726926326726126726",2023-07-27,"RSV (Abrysvo)",2024-01-21,"Influenza (trivalent)",2024-06-24,"Influenza (quadrivalent)",NA,NA
"AIR_00041","Charlotte","Walker",1934-08-14,"Female","4554","669969769469069869969969",2021-05-05,"Influenza (quadrivalent)",2021-09-29,"Pertussis (dTpa)",NA,NA,NA,NA
"AIR_00042","Michael","Harris",1929-02-11,"Male","4560","769469369469669369269969",2022-04-26,"COVID-19 mRNA (Moderna)",2022-09-27,"Influenza (trivalent)",2023-02-24,"COVID-19 Novavax",NA,NA
"AIR_00043","Sophie","Smith",1976-03-16,"Female","4559","215315915315315915415815",2024-07-28,"RSV (mRESVIA)",2024-12-05,"Influenza (quadrivalent)",NA,NA,NA,NA
"AIR_00044","Nathan","Garcia",1972-07-20,"Male","4550","775775375575475675175675",2022-01-16,"COVID-19 mRNA (Pfizer)",2022-06-24,"RSV (mRESVIA)",2022-11-14,"RSV (Abrysvo)",NA,NA
"AIR_00045","Andrew","Hill",1927-01-03,"Male","4557","671271671871971571071371",2022-05-12,"COVID-19 mRNA (Pfizer)",NA,NA,NA,NA,NA,NA
"AIR_00046","Jackson","King",1921-01-11,"Male","4562","792892992592792392192392",2022-12-24,"RSV (mRESVIA)",2023-03-29,"COVID-19 mRNA (Moderna)",NA,NA,NA,NA
"AIR_00047","Zoe","Wilson",1972-08-24,"Female","4554","789989989289689289089989",2023-07-10,"Influenza (quadrivalent)",2023-12-24,"RSV (mRESVIA)",NA,NA,NA,NA
"AIR_00048","Lucy","Brown",1923-10-06,"Female","4561","885285685985585185285185",2021-04-10,"RSV (Abrysvo)",2021-09-01,"Influenza (quadrivalent)",2022-01-01,"Pertussis (dTpa)",NA,NA
"AIR_00049","Ruby","Clark",1945-03-15,"Female","4560","381181881681181481581681",2022-03-04,"Pertussis (dTpa)",2022-06-18,"COVID-19 mRNA (Moderna)",NA,NA,NA,NA
"AIR_00050","Benjamin","Walker",1947-05-12,"Male","4553","949049949149649949249449",2022-05-11,"COVID-19 mRNA (Moderna)",2022-08-25,"RSV (mRESVIA)",NA,NA,NA,NA
"AIR_00051","Amelia","Green",1957-10-25,"Female","4550","326226226926526826626326",2022-03-05,"RSV (Abrysvo)",2022-08-05,"Influenza (trivalent)",NA,NA,NA,NA
"AIR_00052","James","Rodriguez",1918-10-16,"Male","4561","495895895995495195695595",2024-02-09,"Pertussis (dTpa)",2024-05-03,"RSV (Abrysvo)",2024-09-02,"COVID-19 mRNA (Moderna)",NA,NA
"AIR_00053","Scarlett","Garcia",1958-06-09,"Female","4562","281781781081781581981981",2021-12-25,"COVID-19 mRNA (Moderna)",NA,NA,NA,NA,NA,NA
"AIR_00054","Charlotte","Smith",1928-02-23,"Female","4562","457557757057857857457357",2024-07-21,"COVID-19 mRNA (Pfizer)",NA,NA,NA,NA,NA,NA
"AIR_00055","Jacob","Nelson",1946-11-22,"Male","4552","153953353153553553853953",2022-03-22,"COVID-19 Novavax",NA,NA,NA,NA,NA,NA
"AIR_00056","Oliver","Smith",1916-03-08,"Male","4550","729529829529329429729529",2023-02-26,"RSV (mRESVIA)",2023-05-02,"COVID-19 mRNA (Moderna)",2023-10-17,"Influenza (quadrivalent)",NA,NA
"AIR_00057","Ruby","Lopez",1947-12-04,"Female","4553","201301101701801401401901",2021-11-04,"RSV (mRESVIA)",2022-01-06,"Influenza (quadrivalent)",2022-05-02,"COVID-19 mRNA (Moderna)",2022-07-17,"COVID-19 mRNA (Pfizer)"
"AIR_00058","Oliver","Harris",1984-06-30,"Male","4560","512512512212212512312012",2022-10-10,"Influenza (quadrivalent)",NA,NA,NA,NA,NA,NA
"AIR_00059","Nathan","Wilson",1923-03-31,"Male","4554","854554454554654654554054",2021-09-02,"Influenza (quadrivalent)",2021-11-28,"Pertussis (dTpa)",NA,NA,NA,NA
"AIR_00060","Samuel","Green",1950-05-15,"Male","4558","606906706006006406706306",2024-01-05,"Influenza (quadrivalent)",2024-05-08,"Influenza (trivalent)",NA,NA,NA,NA
"AIR_00061","Chloe","King",1924-04-28,"Female","4556","239339139339139939439839",2021-05-17,"COVID-19 mRNA (Pfizer)",2021-07-28,"COVID-19 mRNA (Moderna)",NA,NA,NA,NA
"AIR_00062","Mason","Johnson",1937-04-08,"Male","4558","911111511811411811311711",2024-06-02,"COVID-19 mRNA (Pfizer)",2024-11-05,"RSV (Abrysvo)",NA,NA,NA,NA
"AIR_00063","Nathan","Anderson",1940-10-10,"Male","4560","929029629729529929729329",2021-03-11,"RSV (Abrysvo)",2021-07-04,"Pertussis (dTpa)",2021-10-21,"COVID-19 mRNA (Pfizer)",2022-01-22,"Influenza (quadrivalent)"
"AIR_00064","Zoe","Lopez",1922-11-04,"Female","4558","331531731831131431131631",2022-08-18,"COVID-19 Novavax",2022-12-01,"RSV (Abrysvo)",2023-05-21,"COVID-19 mRNA (Pfizer)",NA,NA
"AIR_00065","Noah","White",1961-10-08,"Male","4556","339539939139139339239139",2022-04-12,"COVID-19 Novavax",2022-07-24,"COVID-19 mRNA (Moderna)",2022-12-09,"COVID-19 mRNA (Pfizer)",2023-03-31,"Influenza (trivalent)"
"AIR_00066","Lucas","Hall",1964-12-25,"Male","4552","581281181081681981781281",2022-05-07,"RSV (mRESVIA)",2022-10-27,"Influenza (quadrivalent)",2022-12-27,"Pertussis (dTpa)",2023-04-07,"RSV (Abrysvo)"
"AIR_00067","Grace","Lopez",1965-12-14,"Female","4553","132932232332632732032332",2023-03-19,"COVID-19 Novavax",2023-07-25,"RSV (Abrysvo)",NA,NA,NA,NA
"AIR_00068","Olivia","Young",1913-05-14,"Female","4557","478478578078178978678478",2025-01-04,"RSV (Abrysvo)",2025-05-14,"RSV (mRESVIA)",2025-09-15,"COVID-19 mRNA (Moderna)",NA,NA
"AIR_00069","Michael","Harris",1920-12-19,"Male","4561","849349049449949249549949",2023-08-03,"COVID-19 Novavax",NA,NA,NA,NA,NA,NA
"AIR_00070","Mason","Lewis",1982-08-15,"Male","4553","463063563963363463463763",2021-01-08,"Influenza (quadrivalent)",2021-06-23,"Influenza (trivalent)",2021-12-09,"COVID-19 mRNA (Moderna)",NA,NA
"AIR_00071","Jackson","Rodriguez",1944-06-24,"Male","4560","505605605505205505105405",2021-07-25,"RSV (mRESVIA)",2021-11-25,"Influenza (quadrivalent)",2022-02-05,"COVID-19 mRNA (Pfizer)",NA,NA
"AIR_00072","Scarlett","Martin",1905-04-17,"Female","4556","951151951151051851451151",2023-01-05,"Influenza (trivalent)",2023-05-25,"COVID-19 mRNA (Pfizer)",NA,NA,NA,NA
"AIR_00073","Lucas","Rodriguez",1925-12-02,"Male","4552","594994594594594394094794",2022-10-07,"COVID-19 mRNA (Pfizer)",2023-01-19,"RSV (Abrysvo)",2023-03-28,"Influenza (trivalent)",NA,NA
"AIR_00074","Charlotte","Taylor",1960-03-30,"Female","4556","308908608308208208108408",2024-12-13,"RSV (Abrysvo)",2025-06-02,"Influenza (trivalent)",2025-09-03,"Pertussis (dTpa)",NA,NA
"AIR_00075","Ethan","Allen",1944-04-24,"Male","4558","807907707307607407007907",2024-01-28,"COVID-19 Novavax",2024-05-19,"Influenza (quadrivalent)",2024-10-13,"Pertussis (dTpa)",2025-02-23,"Influenza (trivalent)"
"AIR_00076","Michael","Brown",1977-04-21,"Male","4561","933833033033533233833733",2021-12-23,"COVID-19 mRNA (Pfizer)",2022-03-20,"Pertussis (dTpa)",NA,NA,NA,NA
"AIR_00077","Thomas","Hernandez",1955-03-10,"Male","4554","171271271171671171471071",2022-01-22,"COVID-19 mRNA (Moderna)",2022-04-04,"RSV (Abrysvo)",2022-07-22,"RSV (mRESVIA)",2022-12-01,"COVID-19 mRNA (Pfizer)"
"AIR_00078","Ella","Young",1970-03-15,"Female","4556","951751351951451451951651",2024-07-06,"COVID-19 mRNA (Pfizer)",2024-09-15,"Influenza (trivalent)",2025-02-13,"Pertussis (dTpa)",2025-05-19,"RSV (mRESVIA)"
"AIR_00079","Michael","Hill",1986-01-16,"Male","4551","516116516316716016116316",2024-07-01,"Influenza (trivalent)",NA,NA,NA,NA,NA,NA
"AIR_00080","Sophie","Robinson",1938-08-11,"Female","4562","353753453153553953753753",2024-05-24,"RSV (mRESVIA)",NA,NA,NA,NA,NA,NA
"AIR_00081","Thomas","Brown",1986-09-03,"Male","4557","621421921821421721021621",2021-05-07,"RSV (mRESVIA)",NA,NA,NA,NA,NA,NA
"AIR_00082","Michael","King",1961-06-01,"Male","4552","725425625025725725625925",2024-10-14,"COVID-19 mRNA (Moderna)",2025-03-30,"Pertussis (dTpa)",2025-07-12,"COVID-19 Novavax",NA,NA
"AIR_00083","William","Smith",1957-08-25,"Male","4555","232232432832532232632832",2024-10-07,"COVID-19 mRNA (Moderna)",2024-12-15,"COVID-19 Novavax",2025-05-13,"RSV (Abrysvo)",2025-07-23,"COVID-19 mRNA (Pfizer)"
"AIR_00084","Grace","Nelson",1912-03-02,"Female","4559","494694694394594994294894",2021-10-22,"RSV (mRESVIA)",2022-01-12,"Pertussis (dTpa)",2022-03-15,"COVID-19 mRNA (Moderna)",NA,NA
"AIR_00085","Lucas","Baker",1983-05-03,"Male","4558","131431831631331531631031",2023-09-02,"COVID-19 Novavax",2023-12-23,"Influenza (quadrivalent)",NA,NA,NA,NA
"AIR_00086","Jacob","White",1941-01-07,"Male","4551","567167367467267067867767",2023-11-13,"Pertussis (dTpa)",2024-02-03,"COVID-19 mRNA (Pfizer)",NA,NA,NA,NA
"AIR_00087","Oliver","Hall",1956-02-25,"Male","4562","849049449649149449449749",2022-05-15,"COVID-19 mRNA (Pfizer)",2022-08-12,"RSV (mRESVIA)",2023-01-23,"Pertussis (dTpa)",2023-06-15,"COVID-19 mRNA (Moderna)"
"AIR_00088","Hannah","Martinez",1952-12-30,"Female","4557","405805705905105805005305",2022-06-15,"COVID-19 mRNA (Pfizer)",NA,NA,NA,NA,NA,NA
"AIR_00089","Ethan","Green",1966-04-15,"Male","4555","892492392192192992992292",2023-08-11,"Influenza (quadrivalent)",2023-10-24,"COVID-19 Novavax",2024-01-10,"Influenza (trivalent)",NA,NA
"AIR_00090","Samuel","Scott",1978-04-30,"Male","4561","331131931231431131231531",2023-07-02,"RSV (Abrysvo)",2023-11-06,"COVID-19 mRNA (Moderna)",NA,NA,NA,NA
"AIR_00091","Jackson","Wright",1957-08-20,"Male","4560","909609709409909509309709",2021-02-08,"RSV (Abrysvo)",2021-07-12,"Influenza (quadrivalent)",2021-12-08,"Pertussis (dTpa)",2022-02-17,"COVID-19 mRNA (Pfizer)"
"AIR_00092","Lucy","Lopez",1906-04-11,"Female","4555","606006206706806406706206",2022-11-11,"COVID-19 mRNA (Pfizer)",2023-03-30,"Influenza (trivalent)",2023-06-09,"Pertussis (dTpa)",2023-08-29,"RSV (mRESVIA)"
"AIR_00093","Hannah","Garcia",1934-05-12,"Female","4557","349949049649249549549249",2024-05-27,"COVID-19 mRNA (Moderna)",2024-10-21,"Influenza (quadrivalent)",NA,NA,NA,NA
"AIR_00094","Abigail","Baker",1960-09-29,"Female","4550","599799799499999199399599",2024-11-01,"COVID-19 Novavax",2025-03-10,"COVID-19 mRNA (Pfizer)",2025-05-13,"RSV (mRESVIA)",NA,NA
"AIR_00095","Evelyn","Robinson",1985-02-06,"Female","4553","686086886186586986586086",2024-01-27,"Pertussis (dTpa)",2024-06-06,"COVID-19 Novavax",2024-08-24,"COVID-19 mRNA (Moderna)",NA,NA
"AIR_00096","William","Gonzalez",1941-10-09,"Male","4562","988288188488088988188488",2021-07-17,"Influenza (trivalent)",NA,NA,NA,NA,NA,NA
"AIR_00097","James","Gonzalez",1978-07-28,"Male","4562","579479179479979579979079",2023-09-29,"COVID-19 Novavax",2024-03-08,"RSV (Abrysvo)",NA,NA,NA,NA
"AIR_00098","Michael","Clark",1937-07-02,"Male","4562","125525425825325825425925",2022-03-29,"Influenza (trivalent)",2022-06-11,"Influenza (quadrivalent)",2022-09-15,"RSV (Abrysvo)",2023-02-10,"COVID-19 mRNA (Moderna)"
"AIR_00099","Ryan","Johnson",1964-08-29,"Male","4558","976976276076776276576176",2024-08-11,"COVID-19 mRNA (Moderna)",NA,NA,NA,NA,NA,NA
"AIR_00100","Lily","Jones",1978-03-29,"Female","4553","173573373073873173573673",2023-09-19,"COVID-19 mRNA (Moderna)",2024-01-11,"Influenza (quadrivalent)",2024-04-09,"RSV (mRESVIA)",NA,NA
"AIR_00101","Evelyn","Thompson",1933-05-29,"Female","4556","594094594494294194894894",2021-06-08,"Influenza (trivalent)",2021-11-14,"COVID-19 Novavax",2022-03-28,"Influenza (quadrivalent)",NA,NA
"AIR_00102","Lucas","Johnson",1953-07-10,"Male","4552","883383283683783183983083",2022-08-28,"Pertussis (dTpa)",2022-11-14,"COVID-19 mRNA (Pfizer)",2023-04-12,"Influenza (trivalent)",2023-08-30,"COVID-19 mRNA (Moderna)"
"AIR_00103","Ava","Anderson",1935-11-20,"Female","4551","382082682182682982782882",2023-10-16,"COVID-19 mRNA (Moderna)",NA,NA,NA,NA,NA,NA
"AIR_00104","Liam","Brown",1990-01-01,"Male","4552","277377677377077477377677",2024-06-02,"RSV (mRESVIA)",NA,NA,NA,NA,NA,NA
"AIR_00105","Sophie","Rodriguez",1981-10-21,"Female","4552","116816116816816016016116",2021-05-31,"RSV (Abrysvo)",NA,NA,NA,NA,NA,NA
"AIR_00106","Hannah","Nelson",1920-12-14,"Female","4559","936936036636736436536136",2021-04-01,"RSV (Abrysvo)",NA,NA,NA,NA,NA,NA
"AIR_00107","Evelyn","Rodriguez",1946-04-14,"Female","4559","706106206806806006306506",2023-02-02,"COVID-19 mRNA (Pfizer)",NA,NA,NA,NA,NA,NA
"AIR_00108","Samuel","Wright",1953-02-07,"Male","4552","496396196396696596896596",2022-06-20,"Pertussis (dTpa)",NA,NA,NA,NA,NA,NA
"AIR_00109","Isla","Hill",1927-08-18,"Female","4559","612312212712812712712912",2023-04-03,"RSV (mRESVIA)",2023-09-17,"COVID-19 mRNA (Moderna)",2024-02-26,"Influenza (quadrivalent)",2024-05-17,"RSV (Abrysvo)"
"AIR_00110","Hannah","Anderson",1915-12-28,"Female","4552","123323823523723423023823",2022-09-30,"RSV (mRESVIA)",2023-01-16,"COVID-19 Novavax",2023-03-18,"Influenza (quadrivalent)",2023-06-21,"Pertussis (dTpa)"
"AIR_00111","Andrew","Garcia",1946-08-23,"Male","4558","432232932532832832032732",2023-11-23,"COVID-19 mRNA (Pfizer)",2024-02-16,"RSV (mRESVIA)",2024-04-30,"Pertussis (dTpa)",NA,NA
"AIR_00112","Amelia","Martinez",1927-08-17,"Female","4552","631131231631131931131931",2023-04-03,"Influenza (trivalent)",2023-06-10,"Pertussis (dTpa)",2023-10-28,"RSV (mRESVIA)",2024-01-09,"COVID-19 mRNA (Moderna)"
"AIR_00113","Isla","King",1915-07-10,"Female","4556","865465965865965065565365",2025-01-30,"COVID-19 mRNA (Moderna)",2025-04-04,"RSV (Abrysvo)",2025-06-06,"Influenza (quadrivalent)",NA,NA
"AIR_00114","Lily","Anderson",1956-05-23,"Female","4559","404604604104304004904904",2025-01-05,"RSV (Abrysvo)",2025-04-07,"RSV (mRESVIA)",2025-08-09,"COVID-19 mRNA (Pfizer)",2026-02-02,"COVID-19 Novavax"
"AIR_00115","Charlotte","Thompson",1965-10-26,"Female","4551","711311611511711611111411",2024-01-21,"RSV (Abrysvo)",NA,NA,NA,NA,NA,NA
"AIR_00116","Lucas","White",1978-07-02,"Male","4552","322922922022822622722622",2025-02-03,"COVID-19 mRNA (Moderna)",2025-05-05,"Influenza (trivalent)",NA,NA,NA,NA
"AIR_00117","Zoe","Clark",1940-10-16,"Female","4559","785385285085185385585785",2024-05-26,"COVID-19 mRNA (Pfizer)",NA,NA,NA,NA,NA,NA
"AIR_00118","Lily","Clark",1919-05-01,"Female","4553","343543443343243443643543",2021-04-14,"RSV (Abrysvo)",NA,NA,NA,NA,NA,NA
"AIR_00119","Mason","Anderson",1963-07-29,"Male","4556","942242442342742642442942",2022-12-05,"COVID-19 Novavax",2023-04-09,"Pertussis (dTpa)",NA,NA,NA,NA
"AIR_00120","Ethan","Robinson",1932-01-10,"Male","4552","423823223223323523923923",2021-05-03,"Influenza (trivalent)",2021-10-26,"COVID-19 mRNA (Moderna)",NA,NA,NA,NA
"AIR_00121","Charlotte","Rodriguez",1936-01-02,"Female","4562","658258858558458958258358",2024-11-26,"RSV (mRESVIA)",2025-02-13,"Influenza (trivalent)",NA,NA,NA,NA
"AIR_00122","Michael","Green",1928-11-06,"Male","4559","865765765165765965265965",2024-02-09,"RSV (mRESVIA)",NA,NA,NA,NA,NA,NA
"AIR_00123","Lucas","Lopez",1989-04-04,"Male","4550","878078178478978178878278",2022-01-20,"RSV (mRESVIA)",2022-04-15,"COVID-19 Novavax",2022-08-31,"COVID-19 mRNA (Moderna)",NA,NA
"AIR_00124","Ava","Anderson",1955-03-06,"Female","4560","966866066566666866866866",2022-02-18,"Pertussis (dTpa)",2022-06-20,"Influenza (quadrivalent)",NA,NA,NA,NA
"AIR_00125","Andrew","Green",1905-07-04,"Male","4553","989589089589189889389789",2021-05-25,"Pertussis (dTpa)",2021-08-15,"RSV (mRESVIA)",NA,NA,NA,NA
"AIR_00126","Isabella","Thompson",1961-04-16,"Female","4557","243143943243843143643543",2022-11-12,"COVID-19 Novavax",2023-05-09,"COVID-19 mRNA (Moderna)",2023-10-29,"Pertussis (dTpa)",2024-02-07,"Influenza (trivalent)"
"AIR_00127","Zoe","Thompson",1977-02-11,"Female","4560","373773173273073673773973",2022-11-13,"Pertussis (dTpa)",2023-03-14,"Influenza (trivalent)",NA,NA,NA,NA
"AIR_00128","Lucy","Martin",1972-02-12,"Female","4562","854254654054554954054354",2022-11-21,"Influenza (quadrivalent)",2023-04-14,"Pertussis (dTpa)",NA,NA,NA,NA
"AIR_00129","Evelyn","Hall",1965-03-06,"Female","4552","783383383983183883783483",2024-02-04,"Influenza (trivalent)",2024-06-24,"COVID-19 Novavax",2024-11-25,"COVID-19 mRNA (Moderna)",NA,NA
"AIR_00130","Liam","Harris",1983-01-05,"Male","4556","484084884784484684884384",2022-01-29,"RSV (mRESVIA)",NA,NA,NA,NA,NA,NA
"AIR_00131","Nathan","Wilson",1946-08-24,"Male","4553","252152952352152952752752",2022-07-14,"COVID-19 mRNA (Moderna)",2022-11-04,"Pertussis (dTpa)",2023-02-25,"RSV (Abrysvo)",NA,NA
"AIR_00132","Mason","Robinson",1960-01-31,"Male","4561","139139639839939139539239",2024-08-07,"COVID-19 mRNA (Pfizer)",NA,NA,NA,NA,NA,NA
"AIR_00133","Hannah","Young",1919-07-28,"Female","4552","529629829229229429929229",2022-05-30,"COVID-19 mRNA (Moderna)",2022-10-19,"Influenza (quadrivalent)",2023-03-02,"Influenza (trivalent)",2023-08-14,"COVID-19 Novavax"
"AIR_00134","Lucas","Harris",1968-06-07,"Male","4559","106406306306006406706206",2023-03-11,"Pertussis (dTpa)",2023-07-13,"COVID-19 Novavax",NA,NA,NA,NA
"AIR_00135","Grace","Taylor",1909-10-29,"Female","4554","654254854454254554954954",2021-09-15,"RSV (Abrysvo)",2021-12-22,"COVID-19 mRNA (Pfizer)",2022-03-08,"Influenza (trivalent)",NA,NA
"AIR_00136","Evelyn","White",1934-07-07,"Female","4552","445745645945045145345845",2024-03-27,"Influenza (quadrivalent)",2024-07-04,"COVID-19 Novavax",2024-10-21,"RSV (mRESVIA)",2025-04-07,"COVID-19 mRNA (Pfizer)"
"AIR_00137","Daniel","Jones",1925-11-11,"Male","4550","275075975375575675975175",2023-09-29,"Influenza (trivalent)",NA,NA,NA,NA,NA,NA
"AIR_00138","Hannah","Johnson",1944-06-24,"Female","4554","494894794794594194294394",2024-12-21,"Pertussis (dTpa)",NA,NA,NA,NA,NA,NA
"AIR_00139","Noah","Thompson",1942-03-03,"Male","4557","147647647547547747847447",2025-02-09,"RSV (Abrysvo)",NA,NA,NA,NA,NA,NA
"AIR_00140","Isabella","Anderson",1927-01-24,"Female","4550","578578078078278478078778",2024-04-05,"COVID-19 Novavax",2024-09-25,"RSV (Abrysvo)",2025-03-09,"COVID-19 mRNA (Pfizer)",2025-06-28,"COVID-19 mRNA (Moderna)"
"AIR_00141","Michael","Wright",1909-02-13,"Male","4556","674674074074174074074874",2024-04-13,"Pertussis (dTpa)",2024-06-21,"RSV (Abrysvo)",2024-11-10,"COVID-19 mRNA (Pfizer)",2025-04-20,"COVID-19 Novavax"
"AIR_00142","Zoe","Jones",1977-12-26,"Female","4561","517117117517217817117217",2021-05-10,"RSV (Abrysvo)",2021-08-10,"RSV (mRESVIA)",NA,NA,NA,NA
"AIR_00143","Sophie","Adams",1931-03-09,"Female","4552","151951051551651351951651",2022-12-22,"COVID-19 Novavax",2023-03-09,"RSV (mRESVIA)",NA,NA,NA,NA
"AIR_00144","Ava","Harris",1934-06-10,"Female","4560","378878578678378078278678",2021-07-31,"RSV (mRESVIA)",2021-10-02,"COVID-19 mRNA (Pfizer)",2022-01-18,"Influenza (trivalent)",NA,NA
"AIR_00145","Olivia","Wilson",1968-03-27,"Female","4557","509009409609509909109609",2024-08-30,"RSV (Abrysvo)",NA,NA,NA,NA,NA,NA
"AIR_00146","Scarlett","Lewis",1931-07-14,"Female","4560","296196696496696996796696",2024-11-07,"Influenza (trivalent)",2025-03-29,"Pertussis (dTpa)",NA,NA,NA,NA
"AIR_00147","Scarlett","Garcia",1940-01-18,"Female","4553","921521521721921821021321",2022-08-29,"RSV (Abrysvo)",2022-12-11,"Influenza (quadrivalent)",2023-02-12,"COVID-19 mRNA (Pfizer)",NA,NA
"AIR_00148","Ruby","Taylor",1947-09-24,"Female","4554","862362962362562762162462",2024-11-03,"COVID-19 mRNA (Moderna)",2025-04-08,"COVID-19 Novavax",2025-09-10,"RSV (Abrysvo)",NA,NA
"AIR_00149","Isla","Martinez",1956-05-29,"Female","4561","527127227227627927127827",2025-01-22,"Influenza (quadrivalent)",2025-05-25,"RSV (mRESVIA)",NA,NA,NA,NA
"AIR_00150","Michael","King",1930-07-11,"Male","4556","963163763363363363863063",2021-04-22,"COVID-19 Novavax",2021-07-30,"COVID-19 mRNA (Pfizer)",2021-11-24,"Pertussis (dTpa)",NA,NA
"AIR_00151","Noah","Hill",1975-07-15,"Male","4562","601001201701701401901501",2021-04-30,"Pertussis (dTpa)",2021-09-10,"COVID-19 mRNA (Moderna)",NA,NA,NA,NA
"AIR_00152","William","Lee",1927-07-22,"Male","4562","257257957357457357757557",2023-01-07,"COVID-19 mRNA (Pfizer)",NA,NA,NA,NA,NA,NA
"AIR_00153","Mia","Brown",1937-08-16,"Female","4551","945345245645645045645045",2023-11-23,"COVID-19 Novavax",2024-02-20,"Pertussis (dTpa)",2024-05-13,"COVID-19 mRNA (Pfizer)",NA,NA
"AIR_00154","Emily","Jones",1924-07-27,"Female","4562","854154654854654554554654",2021-03-02,"RSV (mRESVIA)",2021-06-04,"Influenza (trivalent)",2021-09-20,"Influenza (quadrivalent)",2022-02-25,"COVID-19 mRNA (Pfizer)"
"AIR_00155","James","Robinson",1986-03-13,"Male","4559","124524724424324224124524",2023-05-14,"COVID-19 mRNA (Moderna)",NA,NA,NA,NA,NA,NA
"AIR_00156","Benjamin","Taylor",1931-05-30,"Male","4558","162362262662262862862462",2022-09-08,"Influenza (trivalent)",2023-01-05,"Influenza (quadrivalent)",2023-04-10,"Pertussis (dTpa)",2023-09-04,"COVID-19 mRNA (Moderna)"
"AIR_00157","Noah","Nelson",1917-03-13,"Male","4554","723423123723723923523623",2023-06-26,"RSV (Abrysvo)",NA,NA,NA,NA,NA,NA
"AIR_00158","Daniel","Williams",1948-06-03,"Male","4551","187687487287387187587887",2021-07-13,"Influenza (quadrivalent)",2022-01-09,"Pertussis (dTpa)",NA,NA,NA,NA
"AIR_00159","Olivia","Allen",1978-09-10,"Female","4560","224624024124824424224124",2024-01-25,"Influenza (trivalent)",2024-05-08,"COVID-19 mRNA (Moderna)",2024-10-24,"COVID-19 Novavax",NA,NA
"AIR_00160","Lucas","Nelson",1929-04-18,"Male","4554","303003403303103803703203",2024-02-27,"COVID-19 Novavax",2024-05-15,"RSV (Abrysvo)",2024-07-30,"Pertussis (dTpa)",2024-11-02,"RSV (mRESVIA)"
"AIR_00161","Ava","Wilson",1948-05-02,"Female","4552","555255355655055255255155",2024-11-06,"COVID-19 mRNA (Moderna)",2025-04-30,"Influenza (quadrivalent)",2025-09-07,"Influenza (trivalent)",NA,NA
"AIR_00162","Mia","Baker",1962-10-19,"Female","4561","426226826726526326526626",2022-11-10,"COVID-19 Novavax",2023-04-12,"Pertussis (dTpa)",2023-08-03,"RSV (Abrysvo)",NA,NA
"AIR_00163","Zoe","Lewis",1933-04-01,"Female","4552","919219519219719619019219",2023-08-23,"RSV (mRESVIA)",2023-10-25,"Influenza (quadrivalent)",NA,NA,NA,NA
"AIR_00164","Benjamin","Johnson",1917-09-30,"Male","4557","833033533833233633533733",2022-09-24,"COVID-19 mRNA (Moderna)",2023-02-21,"Pertussis (dTpa)",2023-07-26,"Influenza (quadrivalent)",NA,NA
"AIR_00165","Henry","Wright",1962-02-10,"Male","4555","639839439039239239639539",2024-02-08,"RSV (Abrysvo)",NA,NA,NA,NA,NA,NA
"AIR_00166","Abigail","Nelson",1940-01-20,"Female","4552","919819019119419719919919",2021-01-13,"RSV (Abrysvo)",2021-05-21,"COVID-19 mRNA (Pfizer)",2021-10-25,"RSV (mRESVIA)",NA,NA
"AIR_00167","Ava","Adams",1949-02-18,"Female","4560","187287187187887787187187",2022-09-28,"Influenza (trivalent)",NA,NA,NA,NA,NA,NA
"AIR_00168","Jacob","Hill",1917-10-13,"Male","4555","656456956056756356856856",2022-06-30,"COVID-19 mRNA (Pfizer)",2022-08-30,"Influenza (quadrivalent)",2022-12-20,"COVID-19 mRNA (Moderna)",NA,NA
"AIR_00169","Andrew","Nelson",1954-07-26,"Male","4562","755255055255655955555455",2022-08-26,"COVID-19 mRNA (Moderna)",2023-01-30,"RSV (Abrysvo)",2023-06-06,"Influenza (trivalent)",NA,NA
"AIR_00170","Olivia","Johnson",1915-06-29,"Female","4560","576276976076876876776876",2021-03-14,"COVID-19 mRNA (Moderna)",2021-05-22,"Influenza (quadrivalent)",2021-07-28,"RSV (mRESVIA)",2021-10-10,"COVID-19 mRNA (Pfizer)"
"AIR_00171","Amelia","Thompson",1951-12-02,"Female","4556","227027927627927827827627",2023-05-03,"Influenza (trivalent)",NA,NA,NA,NA,NA,NA
"AIR_00172","Mia","Rodriguez",1975-11-07,"Female","4551","511811811311711911211911",2021-09-23,"COVID-19 mRNA (Pfizer)",NA,NA,NA,NA,NA,NA
"AIR_00173","Daniel","White",1954-06-12,"Male","4553","581281981181781081581781",2023-02-21,"COVID-19 Novavax",2023-06-02,"Influenza (trivalent)",2023-10-08,"COVID-19 mRNA (Pfizer)",NA,NA
"AIR_00174","Ryan","Adams",1929-07-09,"Male","4554","811311911111611611711111",2025-01-08,"RSV (Abrysvo)",2025-07-05,"RSV (mRESVIA)",NA,NA,NA,NA
"AIR_00175","Ethan","King",1952-01-01,"Male","4559","759859559059159659759959",2023-09-13,"Influenza (trivalent)",2023-12-16,"COVID-19 Novavax",NA,NA,NA,NA
"AIR_00176","Amelia","Garcia",1950-10-27,"Female","4557","691491191491891491491091",2021-08-23,"Influenza (trivalent)",2021-12-04,"Influenza (quadrivalent)",2022-04-27,"Pertussis (dTpa)",NA,NA
"AIR_00177","Hannah","Taylor",1944-10-03,"Female","4550","612712712712812912412112",2022-08-21,"RSV (Abrysvo)",2023-02-06,"COVID-19 mRNA (Moderna)",NA,NA,NA,NA
"AIR_00178","William","Hernandez",1950-11-19,"Male","4558","942742142042642842342442",2024-03-20,"RSV (Abrysvo)",2024-09-09,"COVID-19 mRNA (Moderna)",2025-03-08,"COVID-19 mRNA (Pfizer)",NA,NA
"AIR_00179","William","Thompson",1979-11-21,"Male","4552","351351751651351551151551",2022-07-18,"Influenza (quadrivalent)",2022-10-29,"COVID-19 mRNA (Pfizer)",2023-04-02,"Influenza (trivalent)",2023-09-07,"Pertussis (dTpa)"
"AIR_00180","Mia","Gonzalez",1925-01-31,"Female","4554","199799599799499999999599",2023-07-09,"RSV (Abrysvo)",2023-10-24,"COVID-19 Novavax",2023-12-31,"Influenza (trivalent)",NA,NA
"AIR_00181","Amelia","Clark",1940-09-17,"Female","4551","787887087487587987387287",2023-03-08,"RSV (mRESVIA)",NA,NA,NA,NA,NA,NA
"AIR_00182","Isabella","Green",1960-08-28,"Female","4558","967767667667167567367767",2023-07-23,"Influenza (quadrivalent)",2023-12-20,"Influenza (trivalent)",2024-03-02,"COVID-19 mRNA (Moderna)",2024-07-21,"Pertussis (dTpa)"
"AIR_00183","William","Thomas",1936-07-30,"Male","4561","547347447947247147247847",2022-05-05,"COVID-19 mRNA (Pfizer)",NA,NA,NA,NA,NA,NA
"AIR_00184","William","Johnson",1948-04-23,"Male","4552","893293693293793393793093",2021-06-21,"Pertussis (dTpa)",2021-10-26,"Influenza (trivalent)",2022-01-05,"COVID-19 Novavax",NA,NA
"AIR_00185","Isabella","Nelson",1985-02-15,"Female","4559","837437237937237537937237",2024-11-14,"COVID-19 mRNA (Pfizer)",2025-01-29,"Pertussis (dTpa)",2025-04-02,"RSV (Abrysvo)",2025-06-01,"Influenza (trivalent)"
"AIR_00186","James","Hall",1921-11-13,"Male","4559","361861361561861861561461",2022-11-15,"Pertussis (dTpa)",2023-05-08,"COVID-19 mRNA (Moderna)",2023-10-11,"RSV (mRESVIA)",2024-01-20,"COVID-19 Novavax"
"AIR_00187","Nathan","Lee",1929-12-23,"Male","4558","205905205905205005505105",2023-08-08,"COVID-19 Novavax",NA,NA,NA,NA,NA,NA
"AIR_00188","Michael","Smith",1944-03-30,"Male","4562","759959059659559759559459",2023-02-11,"Pertussis (dTpa)",2023-07-24,"RSV (Abrysvo)",2023-10-11,"Influenza (trivalent)",2024-03-15,"COVID-19 mRNA (Pfizer)"
"AIR_00189","Nathan","Johnson",1972-05-25,"Male","4551","155055055955455255555255",2022-04-09,"COVID-19 Novavax",2022-09-06,"Pertussis (dTpa)",2023-02-05,"COVID-19 mRNA (Moderna)",NA,NA
"AIR_00190","Noah","Lopez",1982-10-09,"Male","4558","317517117517917117817717",2024-11-09,"Influenza (quadrivalent)",2025-01-20,"Influenza (trivalent)",2025-05-08,"Pertussis (dTpa)",NA,NA
"AIR_00191","Charlotte","Johnson",1916-11-11,"Female","4551","436636336836436036836236",2022-08-29,"RSV (Abrysvo)",NA,NA,NA,NA,NA,NA
"AIR_00192","Ryan","Brown",1911-08-29,"Male","4554","207407407407107007707807",2022-03-26,"COVID-19 Novavax",2022-07-04,"RSV (mRESVIA)",2022-11-07,"Influenza (trivalent)",2023-04-25,"Influenza (quadrivalent)"
"AIR_00193","Ethan","Lewis",1936-07-13,"Male","4554","697397997397397197297697",2023-04-14,"COVID-19 mRNA (Moderna)",2023-07-05,"Influenza (trivalent)",NA,NA,NA,NA
"AIR_00194","Amelia","Wright",1919-02-26,"Female","4551","121021721721621521921521",2024-07-05,"COVID-19 mRNA (Pfizer)",NA,NA,NA,NA,NA,NA
"AIR_00195","Lily","Garcia",1962-11-26,"Female","4557","701201801901101401001301",2021-09-30,"RSV (Abrysvo)",2022-02-26,"RSV (mRESVIA)",2022-07-14,"COVID-19 mRNA (Moderna)",2022-10-08,"Influenza (quadrivalent)"
"AIR_00196","Benjamin","Robinson",1942-01-13,"Male","4557","689189389589589489489289",2023-06-16,"RSV (mRESVIA)",2023-10-04,"COVID-19 mRNA (Moderna)",2024-03-12,"RSV (Abrysvo)",2024-05-20,"Influenza (trivalent)"
"AIR_00197","Noah","Martinez",1909-12-01,"Male","4555","615815615015415715715515",2025-02-08,"COVID-19 mRNA (Moderna)",2025-07-13,"Pertussis (dTpa)",2025-11-28,"RSV (Abrysvo)",NA,NA
"AIR_00198","Samuel","Jones",1937-02-12,"Male","4551","899399399399299199099199",2021-08-31,"COVID-19 mRNA (Moderna)",2021-11-11,"RSV (Abrysvo)",2022-03-20,"RSV (mRESVIA)",2022-07-10,"Influenza (trivalent)"
"AIR_00199","Hannah","Rodriguez",1953-01-22,"Female","4550","975175075675875275575875",2021-02-03,"RSV (mRESVIA)",2021-06-06,"COVID-19 Novavax",NA,NA,NA,NA
"AIR_00200","Henry","Scott",1977-07-20,"Male","4558","191791491991391091591091",2023-01-12,"RSV (Abrysvo)",2023-04-24,"RSV (mRESVIA)",2023-08-16,"Influenza (quadrivalent)",NA,NA
"AIR_00201","Henry","Lewis",1983-07-02,"Male","4550","659959159259859659459759",2021-07-15,"Influenza (trivalent)",2021-10-03,"RSV (mRESVIA)",2021-12-22,"COVID-19 mRNA (Moderna)",2022-02-23,"RSV (Abrysvo)"
"AIR_00202","Thomas","Williams",1978-03-02,"Male","4556","156356156556956756256156",2021-05-12,"Influenza (quadrivalent)",2021-08-11,"Pertussis (dTpa)",2022-01-12,"COVID-19 mRNA (Moderna)",NA,NA
"AIR_00203","Andrew","Adams",1926-01-29,"Male","4550","522022622322822622422622",2022-03-11,"Influenza (trivalent)",NA,NA,NA,NA,NA,NA
"AIR_00204","Grace","Gonzalez",1941-05-09,"Female","4553","612312112512012712012712",2022-06-10,"Influenza (trivalent)",NA,NA,NA,NA,NA,NA
"AIR_00205","Isla","Garcia",1924-03-15,"Female","4557","368968468168068368068068",2024-04-01,"COVID-19 mRNA (Moderna)",2024-08-15,"Pertussis (dTpa)",2024-10-30,"RSV (mRESVIA)",2025-03-27,"COVID-19 Novavax"
"AIR_00206","Grace","Jones",1961-06-23,"Female","4551","379579079479679479279979",2024-10-06,"RSV (Abrysvo)",2024-12-16,"COVID-19 mRNA (Pfizer)",2025-06-05,"Pertussis (dTpa)",NA,NA
"AIR_00207","Ava","Taylor",1938-05-11,"Female","4558","931631631031331531531931",2021-08-31,"COVID-19 mRNA (Pfizer)",2022-01-06,"RSV (Abrysvo)",NA,NA,NA,NA
"AIR_00208","Andrew","Adams",1908-03-14,"Male","4550","287087787187987987387987",2024-10-03,"Influenza (trivalent)",2024-12-13,"Influenza (quadrivalent)",2025-03-14,"COVID-19 mRNA (Pfizer)",NA,NA
"AIR_00209","James","Taylor",1921-01-08,"Male","4554","646546946246446446446246",2023-03-27,"RSV (Abrysvo)",2023-07-20,"Influenza (trivalent)",2024-01-11,"Influenza (quadrivalent)",NA,NA
"AIR_00210","Liam","Smith",1968-08-06,"Male","4552","765565065465565365765565",2022-12-01,"RSV (mRESVIA)",2023-03-25,"COVID-19 Novavax",NA,NA,NA,NA
"AIR_00211","William","Baker",1926-10-13,"Male","4561","793593293193893893593393",2021-04-18,"COVID-19 mRNA (Pfizer)",2021-07-24,"RSV (mRESVIA)",2021-10-05,"RSV (Abrysvo)",NA,NA
"AIR_00212","Evelyn","Baker",1972-02-26,"Female","4558","224524424024024024224724",2024-02-28,"RSV (Abrysvo)",2024-07-21,"COVID-19 mRNA (Moderna)",2025-01-07,"COVID-19 Novavax",NA,NA
"AIR_00213","Henry","Williams",1968-10-17,"Male","4553","381481681681381381481381",2021-11-29,"Influenza (trivalent)",2022-05-24,"COVID-19 mRNA (Moderna)",NA,NA,NA,NA
"AIR_00214","Michael","Lee",1983-12-23,"Male","4559","265165865565665265665465",2022-12-12,"Influenza (quadrivalent)",2023-02-23,"RSV (Abrysvo)",NA,NA,NA,NA
"AIR_00215","Lucy","Thompson",1946-04-21,"Female","4557","935235435635335935935735",2021-11-09,"RSV (mRESVIA)",NA,NA,NA,NA,NA,NA
"AIR_00216","Zoe","Harris",1916-01-21,"Female","4550","179679479979679879079179",2022-04-10,"Pertussis (dTpa)",2022-09-22,"RSV (mRESVIA)",NA,NA,NA,NA
"AIR_00217","Ethan","Green",1942-10-04,"Male","4561","118618218318218218418518",2022-08-03,"Influenza (quadrivalent)",2022-11-12,"Pertussis (dTpa)",NA,NA,NA,NA
"AIR_00218","Lucy","Jackson",1917-10-10,"Female","4552","589889289089889989189789",2024-07-03,"Influenza (quadrivalent)",2024-12-02,"RSV (Abrysvo)",NA,NA,NA,NA
"AIR_00219","James","Gonzalez",1983-04-03,"Male","4554","349849849249949449749749",2021-06-25,"Influenza (trivalent)",2021-09-25,"COVID-19 mRNA (Pfizer)",2021-12-26,"Influenza (quadrivalent)",2022-06-14,"COVID-19 mRNA (Moderna)"
"AIR_00220","Isabella","Scott",1934-02-15,"Female","4557","358258158558258858358358",2023-06-15,"RSV (mRESVIA)",2023-10-30,"Influenza (quadrivalent)",NA,NA,NA,NA
"AIR_00221","Isabella","Williams",1968-12-29,"Female","4558","807207607007807007307507",2024-12-24,"COVID-19 mRNA (Pfizer)",2025-04-22,"Pertussis (dTpa)",2025-07-06,"COVID-19 Novavax",2025-09-26,"Influenza (quadrivalent)"
"AIR_00222","Zoe","Clark",1961-09-20,"Female","4550","493393193793793793093293",2021-08-10,"COVID-19 mRNA (Pfizer)",2021-11-22,"COVID-19 Novavax",2022-01-23,"COVID-19 mRNA (Moderna)",NA,NA
"AIR_00223","Isabella","Lee",1936-04-15,"Female","4562","631231631931231031431231",2023-05-02,"Pertussis (dTpa)",2023-10-26,"COVID-19 mRNA (Pfizer)",2024-04-05,"RSV (mRESVIA)",2024-06-20,"Influenza (quadrivalent)"
"AIR_00224","Samuel","Rodriguez",1965-11-16,"Male","4562","756956356456856056956756",2023-07-30,"RSV (Abrysvo)",2023-12-03,"RSV (mRESVIA)",NA,NA,NA,NA
"AIR_00225","Isabella","Young",1931-01-15,"Female","4557","175875175275375375575075",2023-06-26,"RSV (mRESVIA)",NA,NA,NA,NA,NA,NA
"AIR_00226","William","Hernandez",1989-07-10,"Male","4550","535235435135235435235335",2022-08-04,"RSV (mRESVIA)",NA,NA,NA,NA,NA,NA
"AIR_00227","Zoe","Wright",1984-11-27,"Female","4555","307407307907207907707507",2023-03-21,"COVID-19 mRNA (Moderna)",2023-09-13,"COVID-19 Novavax",NA,NA,NA,NA
"AIR_00228","Ella","Hernandez",1937-02-25,"Female","4556","342742042142642342342542",2023-03-28,"Pertussis (dTpa)",2023-07-03,"Influenza (quadrivalent)",2023-11-12,"COVID-19 mRNA (Moderna)",2024-01-11,"COVID-19 mRNA (Pfizer)"
"AIR_00229","Ava","Baker",1920-07-01,"Female","4556","721221921421721421521421",2023-05-18,"RSV (mRESVIA)",2023-10-17,"Influenza (quadrivalent)",2024-02-22,"Pertussis (dTpa)",2024-07-20,"COVID-19 mRNA (Pfizer)"
"AIR_00230","Evelyn","Wright",1931-08-13,"Female","4562","554654554754854954854754",2023-04-20,"COVID-19 Novavax",2023-08-11,"COVID-19 mRNA (Pfizer)",2023-12-18,"COVID-19 mRNA (Moderna)",NA,NA
"AIR_00231","Ella","Smith",1916-02-24,"Female","4555","653453853353353853453153",2023-08-16,"Pertussis (dTpa)",2023-12-07,"Influenza (trivalent)",NA,NA,NA,NA
"AIR_00232","Liam","Nelson",1969-05-13,"Male","4562","922822822322722022022122",2024-04-27,"RSV (mRESVIA)",2024-09-25,"Influenza (trivalent)",NA,NA,NA,NA
"AIR_00233","Benjamin","King",1969-12-20,"Male","4557","461861961861061761361961",2021-06-25,"COVID-19 Novavax",2021-09-28,"Influenza (trivalent)",2022-02-06,"RSV (mRESVIA)",NA,NA
"AIR_00234","Grace","Taylor",1916-01-13,"Female","4553","297497897197897897897897",2021-09-19,"Pertussis (dTpa)",2022-03-01,"Influenza (quadrivalent)",2022-06-30,"COVID-19 mRNA (Pfizer)",2022-11-21,"Influenza (trivalent)"
"AIR_00235","Amelia","Baker",1985-08-30,"Female","4559","429729229629929629829429",2022-07-24,"Pertussis (dTpa)",2022-11-08,"Influenza (quadrivalent)",2023-02-21,"Influenza (trivalent)",2023-07-20,"RSV (Abrysvo)"
"AIR_00236","Zoe","Martin",1979-11-20,"Female","4559","978178478578678978778078",2021-01-09,"RSV (Abrysvo)",2021-05-10,"RSV (mRESVIA)",2021-09-12,"Influenza (trivalent)",2022-01-25,"COVID-19 mRNA (Pfizer)"
"AIR_00237","Abigail","Thomas",1930-04-03,"Female","4556","785885285885385585385885",2023-06-22,"Influenza (quadrivalent)",2023-08-31,"RSV (mRESVIA)",2023-12-02,"Pertussis (dTpa)",2024-05-03,"COVID-19 Novavax"
"AIR_00238","Isabella","Scott",1983-06-27,"Female","4557","203103403103503703103503",2022-11-10,"Influenza (trivalent)",NA,NA,NA,NA,NA,NA
"AIR_00239","Grace","Wilson",1973-07-01,"Female","4555","909609709909409609509409",2022-07-12,"Pertussis (dTpa)",2022-11-17,"COVID-19 Novavax",NA,NA,NA,NA
"AIR_00240","Mia","Green",1942-08-06,"Female","4557","958758658458958958758858",2022-03-21,"RSV (Abrysvo)",2022-08-29,"COVID-19 Novavax",2023-01-16,"RSV (mRESVIA)",NA,NA
"AIR_00241","Nathan","Anderson",1961-11-03,"Male","4554","369669469769369769769969",2022-04-25,"Pertussis (dTpa)",2022-06-27,"Influenza (trivalent)",NA,NA,NA,NA
"AIR_00242","Isla","Baker",1947-07-13,"Female","4561","918518818818818418018118",2023-08-21,"COVID-19 mRNA (Moderna)",2023-12-05,"RSV (Abrysvo)",NA,NA,NA,NA
"AIR_00243","Lucy","Robinson",1951-06-19,"Female","4551","963363863963063963463463",2021-06-09,"Influenza (quadrivalent)",2021-11-08,"COVID-19 Novavax",2022-03-24,"RSV (Abrysvo)",NA,NA
"AIR_00244","Isla","Lee",1976-09-16,"Female","4554","322922422922922422522322",2025-01-08,"Influenza (quadrivalent)",2025-03-26,"COVID-19 Novavax",2025-08-28,"RSV (mRESVIA)",2026-01-13,"COVID-19 mRNA (Moderna)"
"AIR_00245","Ethan","Nelson",1922-03-05,"Male","4553","408308008408908708608108",2023-02-02,"COVID-19 mRNA (Pfizer)",NA,NA,NA,NA,NA,NA
"AIR_00246","Nathan","Green",1935-07-23,"Male","4555","406906906506406206606106",2024-07-06,"COVID-19 Novavax",2024-12-31,"COVID-19 mRNA (Moderna)",2025-06-02,"Influenza (trivalent)",2025-10-15,"Pertussis (dTpa)"
"AIR_00247","William","Adams",1953-08-16,"Male","4551","236436236436736536936636",2021-10-26,"COVID-19 mRNA (Moderna)",2022-01-21,"Influenza (trivalent)",2022-03-25,"COVID-19 Novavax",NA,NA
"AIR_00248","Mia","Wright",1930-01-25,"Female","4553","847647747747147247947447",2022-06-09,"COVID-19 mRNA (Moderna)",NA,NA,NA,NA,NA,NA
"AIR_00249","Andrew","Young",1908-07-11,"Male","4560","225025025825425125525425",2024-05-03,"Influenza (trivalent)",NA,NA,NA,NA,NA,NA
"AIR_00250","Olivia","Jones",1910-02-14,"Female","4555","288088188288188188088388",2023-10-02,"Influenza (trivalent)",2024-03-19,"Influenza (quadrivalent)",NA,NA,NA,NA
"AIR_00251","Andrew","Scott",1960-02-14,"Male","4553","437137937337137137937137",2022-11-24,"COVID-19 Novavax",2023-03-03,"Pertussis (dTpa)",2023-07-03,"Influenza (quadrivalent)",2023-12-16,"COVID-19 mRNA (Pfizer)"
"AIR_00252","Charlotte","King",1962-08-19,"Female","4557","382782782982282482782982",2023-05-18,"COVID-19 mRNA (Pfizer)",NA,NA,NA,NA,NA,NA
"AIR_00253","Samuel","Nelson",1954-11-01,"Male","4556","741441341541941641941141",2022-01-26,"COVID-19 Novavax",2022-05-13,"RSV (Abrysvo)",NA,NA,NA,NA
"AIR_00254","Isabella","Garcia",1964-04-17,"Female","4555","753853553753853553353853",2021-02-13,"COVID-19 mRNA (Moderna)",NA,NA,NA,NA,NA,NA
"AIR_00255","Chloe","Martin",1935-11-13,"Female","4550","324824724224224824224224",2024-09-22,"Influenza (quadrivalent)",2024-12-09,"COVID-19 mRNA (Moderna)",2025-05-08,"RSV (Abrysvo)",2025-07-09,"Pertussis (dTpa)"
"AIR_00256","Jackson","Wright",1950-12-13,"Male","4556","291691591891291691191591",2023-10-27,"COVID-19 mRNA (Moderna)",2024-03-18,"RSV (Abrysvo)",NA,NA,NA,NA
"AIR_00257","Oliver","Rodriguez",1983-11-23,"Male","4553","156556956056456056156556",2023-06-12,"COVID-19 mRNA (Moderna)",2023-08-24,"Influenza (trivalent)",NA,NA,NA,NA
"AIR_00258","Benjamin","Lee",1936-05-28,"Male","4562","621821621621721921621021",2023-02-03,"Influenza (trivalent)",NA,NA,NA,NA,NA,NA
"AIR_00259","William","Walker",1938-01-16,"Male","4560","602902702802102402702602",2021-12-31,"COVID-19 Novavax",2022-05-06,"COVID-19 mRNA (Pfizer)",2022-10-23,"Influenza (trivalent)",NA,NA
"AIR_00260","Lily","Green",1941-02-13,"Female","4556","352752952152552152752852",2024-07-29,"Influenza (quadrivalent)",NA,NA,NA,NA,NA,NA
"AIR_00261","Ella","Smith",1949-10-22,"Female","4555","352052452152052652552852",2021-08-13,"COVID-19 mRNA (Moderna)",NA,NA,NA,NA,NA,NA
"AIR_00262","Chloe","Hill",1914-06-20,"Female","4556","589389789489389889589389",2024-05-21,"COVID-19 Novavax",2024-07-30,"Influenza (trivalent)",NA,NA,NA,NA
"AIR_00263","Isabella","Anderson",1918-10-05,"Female","4551","464364664364764264964264",2023-09-22,"COVID-19 mRNA (Moderna)",2024-03-19,"COVID-19 Novavax",NA,NA,NA,NA
"AIR_00264","Grace","Garcia",1920-11-18,"Female","4552","777277277277177677877377",2023-04-05,"COVID-19 Novavax",2023-09-01,"COVID-19 mRNA (Moderna)",2023-12-21,"COVID-19 mRNA (Pfizer)",NA,NA
"AIR_00265","Olivia","Robinson",1974-07-15,"Female","4552","812612212112512112612812",2024-10-31,"Pertussis (dTpa)",2025-03-23,"RSV (mRESVIA)",NA,NA,NA,NA
"AIR_00266","Abigail","Gonzalez",1915-05-16,"Female","4550","908308008708208008208708",2024-04-14,"RSV (mRESVIA)",2024-09-27,"Influenza (quadrivalent)",2025-03-12,"Pertussis (dTpa)",NA,NA
"AIR_00267","Mason","Jackson",1984-02-13,"Male","4561","353053553153153253253353",2021-11-19,"COVID-19 mRNA (Moderna)",2022-04-01,"Influenza (trivalent)",2022-08-06,"Pertussis (dTpa)",NA,NA
"AIR_00268","Isla","Wilson",1943-12-31,"Female","4553","732832032132032732332932",2025-01-30,"RSV (mRESVIA)",NA,NA,NA,NA,NA,NA
"AIR_00269","Chloe","Jones",1919-04-09,"Female","4559","529229329629229829129729",2023-12-21,"Pertussis (dTpa)",2024-02-24,"COVID-19 mRNA (Moderna)",2024-05-16,"RSV (mRESVIA)",2024-07-30,"Influenza (trivalent)"
"AIR_00270","Henry","Robinson",1984-01-14,"Male","4556","284984184784284084384484",2024-08-05,"COVID-19 mRNA (Pfizer)",2024-12-13,"RSV (Abrysvo)",NA,NA,NA,NA
"AIR_00271","Benjamin","White",1910-01-05,"Male","4560","832032132832632832732332",2024-01-08,"COVID-19 mRNA (Pfizer)",NA,NA,NA,NA,NA,NA
"AIR_00272","Sophie","Johnson",1912-08-25,"Female","4553","325525325925525825525225",2021-09-17,"COVID-19 Novavax",2021-12-10,"Influenza (quadrivalent)",2022-04-02,"Pertussis (dTpa)",2022-09-21,"COVID-19 mRNA (Moderna)"
"AIR_00273","James","Hall",1957-06-25,"Male","4557","695495195195795995495795",2024-02-22,"RSV (mRESVIA)",NA,NA,NA,NA,NA,NA
"AIR_00274","Hannah","Lopez",1977-01-24,"Female","4552","518618918918618318718018",2021-12-14,"COVID-19 mRNA (Moderna)",NA,NA,NA,NA,NA,NA
"AIR_00275","Henry","Taylor",1932-07-16,"Male","4552","472272672372272572672172",2022-07-09,"COVID-19 mRNA (Pfizer)",2022-11-09,"Pertussis (dTpa)",2023-04-23,"Influenza (quadrivalent)",NA,NA
"AIR_00276","Matthew","Clark",1976-12-01,"Male","4551","509609409509009709109409",2023-06-20,"COVID-19 mRNA (Moderna)",NA,NA,NA,NA,NA,NA
"AIR_00277","Lily","Gonzalez",1933-03-21,"Female","4562","182182482882882382582882",2023-06-19,"Influenza (trivalent)",NA,NA,NA,NA,NA,NA
"AIR_00278","Scarlett","King",1966-11-04,"Female","4551","439439439539239739439739",2022-11-10,"Influenza (trivalent)",2023-03-14,"COVID-19 mRNA (Pfizer)",2023-05-25,"COVID-19 mRNA (Moderna)",2023-10-30,"RSV (mRESVIA)"
"AIR_00279","Lucy","Smith",1929-11-25,"Female","4555","474574174674774674874474",2023-04-03,"COVID-19 mRNA (Pfizer)",NA,NA,NA,NA,NA,NA
"AIR_00280","William","Scott",1942-06-09,"Male","4560","951551751551351751651951",2024-05-12,"COVID-19 mRNA (Pfizer)",2024-08-22,"Influenza (quadrivalent)",NA,NA,NA,NA
"AIR_00281","Isabella","Martin",1955-05-31,"Female","4560","748648548548448048148248",2024-06-24,"COVID-19 mRNA (Moderna)",NA,NA,NA,NA,NA,NA
"AIR_00282","Isla","Wilson",1942-06-12,"Female","4558","906106806806306906806606",2022-03-21,"Pertussis (dTpa)",2022-09-11,"COVID-19 mRNA (Pfizer)",NA,NA,NA,NA
"AIR_00283","Ethan","Gonzalez",1932-04-21,"Male","4557","124824424724924424124224",2021-04-03,"RSV (mRESVIA)",NA,NA,NA,NA,NA,NA
"AIR_00284","Scarlett","Hill",1976-09-30,"Female","4552","774274374074474674674174",2024-08-01,"Influenza (quadrivalent)",NA,NA,NA,NA,NA,NA
"AIR_00285","James","Wright",1921-03-20,"Male","4560","652252052652752852152952",2022-03-21,"RSV (Abrysvo)",NA,NA,NA,NA,NA,NA
"AIR_00286","Benjamin","Hernandez",1934-12-07,"Male","4558","846346346646846846646246",2022-01-22,"RSV (Abrysvo)",NA,NA,NA,NA,NA,NA
"AIR_00287","Michael","Smith",1937-06-09,"Male","4558","734034034334234634434934",2022-07-08,"Influenza (quadrivalent)",NA,NA,NA,NA,NA,NA
"AIR_00288","Henry","Baker",1915-07-18,"Male","4555","418218718118818618218718",2021-12-04,"Influenza (trivalent)",2022-04-22,"Pertussis (dTpa)",NA,NA,NA,NA
"AIR_00289","Lily","Jones",1983-10-04,"Female","4559","887087487687187287987287",2022-10-05,"Influenza (trivalent)",2022-12-27,"RSV (mRESVIA)",NA,NA,NA,NA
"AIR_00290","Nathan","White",1925-06-17,"Male","4559","695995495495595395795195",2024-01-27,"Influenza (quadrivalent)",NA,NA,NA,NA,NA,NA
"AIR_00291","Mason","Jackson",1943-08-01,"Male","4552","742442142942642842242742",2023-11-09,"COVID-19 mRNA (Pfizer)",NA,NA,NA,NA,NA,NA
"AIR_00292","Benjamin","Nelson",1983-04-20,"Male","4559","168468368868868368168468",2022-09-08,"Pertussis (dTpa)",2023-01-11,"RSV (Abrysvo)",NA,NA,NA,NA
"AIR_00293","Jacob","Robinson",1912-01-23,"Male","4562","236436236336036236136536",2022-10-17,"Pertussis (dTpa)",NA,NA,NA,NA,NA,NA
"AIR_00294","Samuel","Jackson",1972-06-06,"Male","4554","806806506106006106506406",2023-09-10,"RSV (mRESVIA)",2023-12-19,"Pertussis (dTpa)",2024-06-01,"COVID-19 Novavax",2024-10-22,"COVID-19 mRNA (Moderna)"
"AIR_00295","Samuel","Baker",1935-12-31,"Male","4558","647547847247247247547447",2021-10-27,"Influenza (quadrivalent)",2022-02-19,"COVID-19 mRNA (Moderna)",NA,NA,NA,NA
"AIR_00296","Ava","Nelson",1932-10-23,"Female","4559","203103103803003603103903",2024-12-01,"RSV (mRESVIA)",2025-02-08,"COVID-19 mRNA (Pfizer)",2025-05-13,"Pertussis (dTpa)",2025-08-23,"COVID-19 Novavax"
"AIR_00297","Chloe","Smith",1964-10-05,"Female","4557","828728128228928228128428",2021-09-21,"Influenza (trivalent)",2022-03-01,"COVID-19 mRNA (Moderna)",2022-07-22,"COVID-19 mRNA (Pfizer)",NA,NA
"AIR_00298","Abigail","Johnson",1985-03-15,"Female","4556","355655055855155955955955",2024-06-03,"RSV (mRESVIA)",2024-11-20,"Influenza (trivalent)",2025-02-23,"COVID-19 Novavax",2025-08-06,"Pertussis (dTpa)"
"AIR_00299","Benjamin","Gonzalez",1972-01-08,"Male","4551","351951751451751751551351",2021-08-16,"COVID-19 mRNA (Pfizer)",2022-02-07,"Pertussis (dTpa)",NA,NA,NA,NA
"AIR_00300","Sophie","Green",1976-01-25,"Female","4556","567867967167367767767867",2024-09-16,"COVID-19 Novavax",2025-01-08,"RSV (mRESVIA)",NA,NA,NA,NA
"AIR_00301","Thomas","Nelson",1918-08-03,"Male","4555","639239839839039039339839",2023-12-23,"COVID-19 mRNA (Moderna)",2024-03-01,"RSV (mRESVIA)",2024-08-01,"COVID-19 Novavax",2024-11-11,"Influenza (trivalent)"
"AIR_00302","William","Brown",1974-11-30,"Male","4559","325525025025025125225325",2022-10-20,"Influenza (quadrivalent)",2023-02-21,"RSV (Abrysvo)",NA,NA,NA,NA
"AIR_00303","Benjamin","Gonzalez",1943-03-02,"Male","4559","768768268968468668668168",2022-07-12,"Influenza (trivalent)",2022-11-20,"RSV (mRESVIA)",NA,NA,NA,NA
"AIR_00304","Sophie","Scott",1905-04-28,"Female","4558","699099199199499099199499",2023-06-04,"COVID-19 Novavax",2023-11-20,"COVID-19 mRNA (Pfizer)",NA,NA,NA,NA
"AIR_00305","Zoe","Allen",1986-12-30,"Female","4557","519019419219619119219319",2023-09-04,"RSV (mRESVIA)",2023-11-28,"COVID-19 Novavax",NA,NA,NA,NA
"AIR_00306","Henry","Anderson",1967-09-29,"Male","4557","225625725025625225525425",2022-01-29,"COVID-19 mRNA (Pfizer)",2022-04-23,"Pertussis (dTpa)",2022-10-03,"RSV (mRESVIA)",NA,NA
"AIR_00307","Sophie","Johnson",1970-06-14,"Female","4559","916116116816216016416016",2021-05-31,"Pertussis (dTpa)",2021-11-17,"COVID-19 mRNA (Moderna)",NA,NA,NA,NA
"AIR_00308","Daniel","Lee",1969-07-18,"Male","4557","367667267767867567067567",2024-10-01,"RSV (mRESVIA)",2025-03-25,"Influenza (quadrivalent)",2025-07-21,"RSV (Abrysvo)",NA,NA
"AIR_00309","Benjamin","Thompson",1977-02-27,"Male","4551","295695895395895195795495",2021-12-24,"Influenza (trivalent)",2022-06-05,"Influenza (quadrivalent)",NA,NA,NA,NA
"AIR_00310","Ryan","Williams",1924-12-06,"Male","4550","627727827027427327427227",2023-03-10,"COVID-19 Novavax",2023-08-23,"RSV (Abrysvo)",NA,NA,NA,NA
"AIR_00311","Ava","Walker",1980-08-31,"Female","4557","268968068568268168468168",2023-05-22,"RSV (Abrysvo)",2023-08-16,"COVID-19 mRNA (Pfizer)",2023-11-23,"COVID-19 mRNA (Moderna)",2024-04-20,"COVID-19 Novavax"
"AIR_00312","Isabella","Robinson",1947-12-23,"Female","4550","996496396696796596196696",2023-03-24,"RSV (Abrysvo)",2023-07-24,"COVID-19 mRNA (Moderna)",2023-11-06,"COVID-19 mRNA (Pfizer)",NA,NA
"AIR_00313","Jacob","Baker",1974-02-05,"Male","4560","736736236136936936236836",2023-06-26,"COVID-19 mRNA (Pfizer)",2023-10-01,"COVID-19 mRNA (Moderna)",NA,NA,NA,NA
"AIR_00314","Oliver","Allen",1970-12-18,"Male","4558","488388488888388388988088",2021-09-26,"Influenza (quadrivalent)",NA,NA,NA,NA,NA,NA
"AIR_00315","William","Wright",1926-11-07,"Male","4554","674974974074574174174474",2022-12-25,"COVID-19 Novavax",2023-06-13,"Pertussis (dTpa)",2023-10-29,"COVID-19 mRNA (Pfizer)",NA,NA
"AIR_00316","Thomas","Martin",1965-06-05,"Male","4559","606906406006006106206806",2024-01-02,"RSV (Abrysvo)",2024-03-13,"Influenza (trivalent)",2024-05-18,"COVID-19 mRNA (Moderna)",2024-09-10,"COVID-19 Novavax"
"AIR_00317","Scarlett","Robinson",1958-07-20,"Female","4550","548048748248648348348448",2023-06-29,"Pertussis (dTpa)",2023-11-03,"COVID-19 mRNA (Pfizer)",NA,NA,NA,NA
"AIR_00318","Emily","Walker",1986-12-04,"Female","4555","262562062362862362162262",2021-03-23,"Influenza (quadrivalent)",2021-08-26,"Pertussis (dTpa)",2022-02-07,"RSV (Abrysvo)",2022-06-24,"COVID-19 Novavax"
"AIR_00319","Olivia","Nelson",1943-03-07,"Female","4561","764964664864464764664964",2021-11-18,"Influenza (trivalent)",2022-04-21,"Pertussis (dTpa)",2022-08-29,"RSV (mRESVIA)",NA,NA
"AIR_00320","Noah","Martinez",1971-06-14,"Male","4551","475675475075375175475775",2023-01-23,"COVID-19 mRNA (Pfizer)",2023-07-09,"Pertussis (dTpa)",2023-12-15,"Influenza (quadrivalent)",2024-02-22,"COVID-19 Novavax"
"AIR_00321","Oliver","Rodriguez",1925-08-07,"Male","4552","289789189389689789989989",2022-02-10,"Influenza (trivalent)",2022-04-19,"Pertussis (dTpa)",2022-10-14,"COVID-19 mRNA (Pfizer)",2023-02-03,"COVID-19 Novavax"
"AIR_00322","Mason","Robinson",1911-08-07,"Male","4555","623023123623423323923123",2022-04-03,"RSV (mRESVIA)",2022-08-24,"RSV (Abrysvo)",2023-01-29,"COVID-19 mRNA (Pfizer)",2023-07-01,"Influenza (quadrivalent)"
"AIR_00323","Grace","Lopez",1930-12-26,"Female","4555","719119219719419519119219",2024-03-13,"COVID-19 mRNA (Pfizer)",2024-08-17,"Influenza (trivalent)",2024-10-17,"Pertussis (dTpa)",NA,NA
"AIR_00324","Lucy","Young",1955-01-01,"Female","4554","991491191591291391191291",2023-07-06,"COVID-19 mRNA (Moderna)",NA,NA,NA,NA,NA,NA
"AIR_00325","Charlotte","Johnson",1946-07-14,"Female","4554","748048148348448748948548",2023-09-30,"Pertussis (dTpa)",NA,NA,NA,NA,NA,NA
"AIR_00326","Noah","Garcia",1974-06-07,"Male","4552","941341241441341041541241",2023-02-10,"RSV (Abrysvo)",NA,NA,NA,NA,NA,NA
"AIR_00327","Mia","Baker",1986-08-18,"Female","4553","108108008708608408708408",2021-02-17,"Pertussis (dTpa)",NA,NA,NA,NA,NA,NA
"AIR_00328","Lily","Anderson",1954-06-19,"Female","4550","219519419419519519019019",2025-02-08,"COVID-19 mRNA (Moderna)",NA,NA,NA,NA,NA,NA
"AIR_00329","Michael","Gonzalez",1946-02-11,"Male","4551","761261861261461961161961",2021-05-21,"Influenza (trivalent)",2021-08-13,"RSV (mRESVIA)",2022-02-08,"COVID-19 mRNA (Moderna)",NA,NA
"AIR_00330","Ava","Rodriguez",1978-07-11,"Female","4557","195495395595795695795495",2024-12-04,"COVID-19 mRNA (Moderna)",2025-05-01,"Influenza (trivalent)",NA,NA,NA,NA
"AIR_00331","Noah","Jackson",1934-11-19,"Male","4562","366966766366466066266866",2021-05-17,"RSV (mRESVIA)",2021-08-17,"Pertussis (dTpa)",NA,NA,NA,NA
"AIR_00332","Amelia","Martin",1911-01-27,"Female","4558","498298398398898998598998",2022-03-17,"RSV (Abrysvo)",2022-07-06,"COVID-19 mRNA (Pfizer)",2022-11-21,"COVID-19 Novavax",2023-02-05,"RSV (mRESVIA)"
"AIR_00333","Scarlett","Walker",1968-05-25,"Female","4550","941141541841841841141441",2021-04-29,"COVID-19 Novavax",2021-09-05,"COVID-19 mRNA (Moderna)",NA,NA,NA,NA
"AIR_00334","Grace","Lopez",1967-09-25,"Female","4556","113313413413513913113213",2022-11-20,"Pertussis (dTpa)",2023-03-13,"COVID-19 Novavax",2023-05-17,"COVID-19 mRNA (Pfizer)",2023-11-07,"Influenza (trivalent)"
"AIR_00335","Ethan","Garcia",1932-05-25,"Male","4556","507607007807807907907307",2023-05-11,"COVID-19 mRNA (Pfizer)",NA,NA,NA,NA,NA,NA
"AIR_00336","Matthew","Rodriguez",1981-06-15,"Male","4559","591391691591091591191491",2021-12-12,"RSV (mRESVIA)",2022-03-21,"COVID-19 mRNA (Pfizer)",NA,NA,NA,NA
"AIR_00337","Oliver","Garcia",1986-07-24,"Male","4554","303303103603003503803403",2023-08-15,"COVID-19 Novavax",2023-12-19,"RSV (mRESVIA)",2024-03-05,"Influenza (quadrivalent)",NA,NA
"AIR_00338","Emily","Adams",1945-02-18,"Female","4558","316216416816716016616716",2022-09-15,"Influenza (quadrivalent)",2023-03-06,"RSV (Abrysvo)",NA,NA,NA,NA
"AIR_00339","Mason","Gonzalez",1946-08-28,"Male","4551","812512712112712612912812",2021-03-29,"COVID-19 mRNA (Moderna)",2021-08-17,"Pertussis (dTpa)",NA,NA,NA,NA
"AIR_00340","Andrew","Young",1907-10-06,"Male","4553","872472172572172272772172",2021-02-05,"Pertussis (dTpa)",NA,NA,NA,NA,NA,NA
"AIR_00341","Nathan","Hill",1916-10-22,"Male","4552","871071171371971371271771",2023-07-26,"Influenza (trivalent)",2023-11-07,"COVID-19 mRNA (Moderna)",2024-04-28,"RSV (Abrysvo)",NA,NA
"AIR_00342","Michael","Anderson",1968-03-30,"Male","4551","609209109609209709909909",2023-07-04,"COVID-19 Novavax",2023-09-30,"RSV (Abrysvo)",2024-02-04,"Influenza (trivalent)",NA,NA
"AIR_00343","Amelia","Martin",1922-10-25,"Female","4550","859959759259459059159859",2024-12-04,"Pertussis (dTpa)",2025-03-12,"Influenza (quadrivalent)",2025-07-07,"RSV (Abrysvo)",NA,NA
"AIR_00344","Noah","Nelson",1968-07-27,"Male","4555","236936836136636236136036",2022-11-16,"Influenza (quadrivalent)",2023-04-26,"COVID-19 Novavax",NA,NA,NA,NA
"AIR_00345","Andrew","Taylor",1914-07-22,"Male","4556","953153353653153253453753",2023-11-29,"Influenza (quadrivalent)",2024-02-22,"Pertussis (dTpa)",2024-05-24,"COVID-19 mRNA (Pfizer)",NA,NA
"AIR_00346","Ella","Garcia",1983-04-01,"Female","4562","738538438638338238338138",2022-12-23,"Influenza (trivalent)",2023-04-02,"RSV (mRESVIA)",2023-09-08,"COVID-19 Novavax",2024-03-05,"RSV (Abrysvo)"
"AIR_00347","Michael","Rodriguez",1910-04-15,"Male","4558","708108708008308708508808",2022-06-24,"COVID-19 mRNA (Moderna)",NA,NA,NA,NA,NA,NA
"AIR_00348","Zoe","Martin",1921-07-27,"Female","4557","136836236136536036536536",2021-07-20,"Influenza (trivalent)",2021-11-06,"Influenza (quadrivalent)",2022-03-19,"Pertussis (dTpa)",NA,NA
"AIR_00349","Hannah","King",1919-07-14,"Female","4555","155655555155655555955255",2024-11-16,"COVID-19 mRNA (Pfizer)",2025-01-28,"Influenza (trivalent)",2025-07-01,"COVID-19 mRNA (Moderna)",NA,NA
"AIR_00350","James","Lewis",1953-06-20,"Male","4555","674474274474574074174374",2024-03-21,"COVID-19 mRNA (Pfizer)",2024-08-26,"COVID-19 mRNA (Moderna)",NA,NA,NA,NA
"AIR_00351","Isla","Lopez",1924-07-19,"Female","4552","821921521121521021521721",2023-09-20,"COVID-19 mRNA (Moderna)",2023-12-16,"RSV (mRESVIA)",2024-06-03,"RSV (Abrysvo)",NA,NA
"AIR_00352","Chloe","Thompson",1910-09-20,"Female","4554","101901801801101301501101",2022-04-14,"COVID-19 mRNA (Moderna)",2022-09-24,"Pertussis (dTpa)",2023-02-12,"RSV (mRESVIA)",2023-07-19,"Influenza (trivalent)"
"AIR_00353","Mason","Taylor",1986-09-17,"Male","4554","305205605405405705105905",2023-05-24,"Pertussis (dTpa)",2023-10-12,"COVID-19 mRNA (Pfizer)",2024-02-11,"RSV (Abrysvo)",2024-07-19,"Influenza (trivalent)"
"AIR_00354","Ava","Adams",1934-08-05,"Female","4555","716216216116816116616816",2022-08-16,"COVID-19 mRNA (Pfizer)",2023-01-20,"RSV (Abrysvo)",2023-04-10,"COVID-19 Novavax",NA,NA
"AIR_00355","Lucy","Harris",1968-12-26,"Female","4551","935535535935835935735135",2023-09-23,"COVID-19 mRNA (Moderna)",2023-12-27,"RSV (mRESVIA)",NA,NA,NA,NA
"AIR_00356","Amelia","King",1907-06-16,"Female","4561","433033533133333133033133",2025-02-01,"COVID-19 mRNA (Moderna)",2025-04-04,"Pertussis (dTpa)",2025-07-20,"COVID-19 Novavax",NA,NA
"AIR_00357","Ella","Lopez",1982-04-21,"Female","4550","741341441641741541841241",2024-01-29,"RSV (Abrysvo)",2024-06-15,"COVID-19 Novavax",NA,NA,NA,NA
"AIR_00358","Isabella","Allen",1913-02-06,"Female","4553","257557757057457557857657",2021-07-29,"RSV (mRESVIA)",2021-11-04,"Pertussis (dTpa)",2022-01-21,"COVID-19 mRNA (Moderna)",NA,NA
"AIR_00359","Thomas","Hall",1960-07-19,"Male","4552","359559259659059359959359",2024-04-29,"Pertussis (dTpa)",NA,NA,NA,NA,NA,NA
"AIR_00360","Zoe","Allen",1937-10-01,"Female","4561","854154054654454054454254",2024-12-07,"COVID-19 mRNA (Pfizer)",2025-03-17,"Influenza (quadrivalent)",NA,NA,NA,NA
"AIR_00361","Isabella","Garcia",1986-05-09,"Female","4552","998598898698998098298898",2024-06-25,"COVID-19 mRNA (Pfizer)",2024-08-30,"Pertussis (dTpa)",2025-02-02,"Influenza (trivalent)",NA,NA
"AIR_00362","Nathan","Jackson",1954-12-18,"Male","4562","802402602602402102602502",2022-08-09,"COVID-19 mRNA (Moderna)",2022-11-10,"COVID-19 Novavax",2023-03-16,"RSV (mRESVIA)",NA,NA
"AIR_00363","Lucy","Jones",1917-10-02,"Female","4555","725625325425725425125625",2024-11-24,"COVID-19 Novavax",2025-03-24,"COVID-19 mRNA (Pfizer)",NA,NA,NA,NA
"AIR_00364","Emily","Baker",1963-08-04,"Female","4552","133233833533033133433633",2022-06-17,"Influenza (trivalent)",2022-12-03,"RSV (mRESVIA)",2023-02-10,"COVID-19 mRNA (Moderna)",NA,NA
"AIR_00365","Chloe","Hernandez",1946-06-20,"Female","4554","407607207807607807007807",2024-09-01,"COVID-19 mRNA (Moderna)",2025-01-15,"Pertussis (dTpa)",2025-03-22,"COVID-19 mRNA (Pfizer)",2025-08-17,"Influenza (trivalent)"
"AIR_00366","Benjamin","Jones",1912-04-25,"Male","4555","237937837737037637737237",2021-10-26,"Influenza (quadrivalent)",2022-01-14,"Pertussis (dTpa)",NA,NA,NA,NA
"AIR_00367","Isabella","Hill",1937-10-11,"Female","4556","751551351251051551451951",2024-12-24,"COVID-19 Novavax",2025-05-08,"RSV (mRESVIA)",2025-08-29,"COVID-19 mRNA (Moderna)",NA,NA
"AIR_00368","Charlotte","White",1978-01-06,"Female","4559","831031031831431331731931",2022-08-29,"RSV (Abrysvo)",2022-12-30,"COVID-19 mRNA (Moderna)",2023-06-09,"COVID-19 mRNA (Pfizer)",2023-08-25,"Influenza (quadrivalent)"
"AIR_00369","Ryan","Taylor",1956-08-10,"Male","4551","482282782282282882182282",2021-12-20,"RSV (mRESVIA)",2022-06-12,"Pertussis (dTpa)",NA,NA,NA,NA
"AIR_00370","Ruby","Rodriguez",1974-09-07,"Female","4551","548548748648248548248048",2023-06-21,"Influenza (trivalent)",2023-11-14,"COVID-19 mRNA (Moderna)",2024-03-20,"COVID-19 Novavax",NA,NA
"AIR_00371","Evelyn","Green",1985-06-23,"Female","4562","792992892592792592392992",2024-04-30,"Pertussis (dTpa)",2024-07-01,"RSV (mRESVIA)",2024-09-12,"RSV (Abrysvo)",2024-11-16,"COVID-19 Novavax"
"AIR_00372","Nathan","Johnson",1922-01-13,"Male","4557","488088088488988188588988",2024-03-05,"Pertussis (dTpa)",2024-07-23,"COVID-19 mRNA (Pfizer)",NA,NA,NA,NA
"AIR_00373","Noah","Thomas",1914-12-09,"Male","4555","944544844944744844344944",2024-10-18,"RSV (Abrysvo)",NA,NA,NA,NA,NA,NA
"AIR_00374","Scarlett","Anderson",1961-12-16,"Female","4558","199099499199999899499099",2022-06-15,"Influenza (trivalent)",2022-10-20,"Pertussis (dTpa)",NA,NA,NA,NA
"AIR_00375","Emily","Baker",1908-05-09,"Female","4556","405205005205505105005605",2021-03-21,"RSV (mRESVIA)",2021-07-22,"COVID-19 mRNA (Moderna)",2021-10-23,"Pertussis (dTpa)",2022-02-28,"Influenza (quadrivalent)"
"AIR_00376","Emily","Baker",1965-07-19,"Female","4558","407007507407907307707207",2023-02-25,"Influenza (trivalent)",NA,NA,NA,NA,NA,NA
"AIR_00377","Henry","Hill",1909-03-26,"Male","4559","443443943843443743743143",2021-09-02,"RSV (mRESVIA)",NA,NA,NA,NA,NA,NA
"AIR_00378","Sophie","Thomas",1982-02-21,"Female","4558","176676876576376676776376",2022-12-11,"Pertussis (dTpa)",NA,NA,NA,NA,NA,NA
"AIR_00379","Scarlett","Lewis",1970-04-02,"Female","4550","928928228628628528628528",2023-07-17,"COVID-19 mRNA (Moderna)",2023-09-16,"Influenza (quadrivalent)",NA,NA,NA,NA
"AIR_00380","James","Hernandez",1959-12-17,"Male","4554","994094694494194094194694",2024-01-03,"COVID-19 Novavax",2024-05-31,"RSV (Abrysvo)",NA,NA,NA,NA
"AIR_00381","Lucy","Anderson",1986-04-15,"Female","4562","543543243543343343343843",2022-09-18,"RSV (Abrysvo)",2023-02-07,"RSV (mRESVIA)",2023-04-17,"Influenza (quadrivalent)",2023-10-05,"Pertussis (dTpa)"
"AIR_00382","Amelia","Allen",1930-03-19,"Female","4562","592892792092292692792892",2025-01-27,"COVID-19 mRNA (Moderna)",NA,NA,NA,NA,NA,NA
"AIR_00383","Andrew","Taylor",1980-05-29,"Male","4551","361661361661561861061961",2021-03-18,"COVID-19 Novavax",2021-08-22,"Influenza (quadrivalent)",2021-11-20,"COVID-19 mRNA (Moderna)",2022-05-01,"RSV (mRESVIA)"
"AIR_00384","Ella","Smith",1944-02-24,"Female","4555","396796696896796096496496",2022-01-14,"COVID-19 mRNA (Moderna)",2022-05-06,"RSV (Abrysvo)",2022-09-14,"Influenza (quadrivalent)",NA,NA
"AIR_00385","Jacob","Thompson",1918-11-04,"Male","4562","824624324124024824524324",2021-11-30,"COVID-19 mRNA (Pfizer)",2022-05-02,"Pertussis (dTpa)",NA,NA,NA,NA
"AIR_00386","Zoe","Jackson",1976-06-09,"Female","4551","631831431131431831731131",2023-08-23,"RSV (Abrysvo)",2023-11-28,"COVID-19 Novavax",2024-04-18,"Influenza (quadrivalent)",NA,NA
"AIR_00387","Daniel","Lee",1921-02-12,"Male","4550","296096396596496296896596",2022-02-19,"COVID-19 Novavax",2022-05-22,"RSV (mRESVIA)",2022-10-24,"Influenza (quadrivalent)",2023-03-10,"COVID-19 mRNA (Pfizer)"
"AIR_00388","Mia","Williams",1984-01-18,"Female","4552","843543243943843043643443",2022-02-15,"Influenza (trivalent)",2022-08-02,"Pertussis (dTpa)",2022-10-05,"Influenza (quadrivalent)",2022-12-17,"COVID-19 mRNA (Pfizer)"
"AIR_00389","Amelia","Hernandez",1970-02-01,"Female","4562","718818018218018518718218",2021-10-02,"COVID-19 Novavax",2022-02-27,"RSV (mRESVIA)",2022-07-31,"COVID-19 mRNA (Moderna)",NA,NA
"AIR_00390","Matthew","White",1923-09-23,"Male","4555","137637337037637437037537",2022-03-04,"COVID-19 mRNA (Pfizer)",2022-08-03,"Pertussis (dTpa)",2022-11-27,"RSV (mRESVIA)",NA,NA
"AIR_00391","Noah","Taylor",1951-10-19,"Male","4555","241941741741041741141541",2023-02-15,"COVID-19 Novavax",2023-07-09,"RSV (Abrysvo)",NA,NA,NA,NA
"AIR_00392","Chloe","Nelson",1918-02-18,"Female","4551","621221721821521121521421",2022-07-13,"COVID-19 mRNA (Moderna)",2023-01-02,"COVID-19 Novavax",NA,NA,NA,NA
"AIR_00393","Ethan","Lopez",1913-06-11,"Male","4562","489089189589789689089389",2024-11-23,"COVID-19 mRNA (Pfizer)",2025-03-16,"Influenza (trivalent)",2025-09-05,"Pertussis (dTpa)",NA,NA
"AIR_00394","Chloe","Robinson",1938-09-21,"Female","4558","849049849549749049949549",2024-01-26,"RSV (mRESVIA)",2024-04-27,"Influenza (quadrivalent)",2024-08-01,"Pertussis (dTpa)",2024-12-05,"RSV (Abrysvo)"
"AIR_00395","Andrew","Adams",1909-09-23,"Male","4560","393293393793193493193493",2021-02-28,"Influenza (quadrivalent)",2021-07-31,"Influenza (trivalent)",2021-10-27,"COVID-19 mRNA (Pfizer)",NA,NA
"AIR_00396","Michael","Robinson",1951-07-06,"Male","4551","128428428428928028128128",2024-01-10,"COVID-19 mRNA (Pfizer)",2024-06-17,"Influenza (trivalent)",NA,NA,NA,NA
"AIR_00397","Lucas","Allen",1905-08-12,"Male","4556","449249449449849349949049",2023-12-30,"Influenza (trivalent)",2024-06-05,"RSV (mRESVIA)",2024-10-29,"Influenza (quadrivalent)",NA,NA
"AIR_00398","Jackson","Adams",1988-08-27,"Male","4562","938438238938338938238738",2024-09-04,"Pertussis (dTpa)",2025-01-16,"Influenza (quadrivalent)",2025-04-05,"RSV (mRESVIA)",NA,NA
"AIR_00399","Amelia","Young",1916-04-23,"Female","4554","921021321621621621921921",2023-04-07,"COVID-19 Novavax",NA,NA,NA,NA,NA,NA
"AIR_00400","Lucy","Gonzalez",1926-02-23,"Female","4558","348248448248748948548048",2023-04-15,"Influenza (trivalent)",2023-09-20,"Influenza (quadrivalent)",NA,NA,NA,NA
